video_id,title,channel_id,channel_title,category,published_at,view_count,like_count,comment_count,region
TK_CdrfgcUo,GUSTTAVO LIMA - PROIBIDO TERMINAR (AO VIVO) (Com Letra) | BraZa,UCRMjnWISstTXz1iMZ3szP3g,BraZa Network,People & Blogs,2025-09-30T12:44:01Z,20697,70,1,BR
Jza2Km31AO4,Maxton Hall 2¬™ Temporada | Trailer Oficial,UCuNjvqjTzw9LcD9PVpTVWRA,Prime Video Brasil,Entertainment,2025-10-02T13:00:44Z,12629,1348,70,BR
XQcCrQUzN8c,Evolui VELOCIDADE at√© Virar um TREM BALA!,UCrcBZDofBltcgGxphNia2tw,ProbIems,Gaming,2025-10-02T13:01:04Z,284078,7602,255,BR
bu_zGMi84so,Dance se souber~ {TikTok} 2025 üíå,UCVOvoHO0LmcEJy4G91AbAMw,Dj Danny Albuquerque,Music,2025-10-02T14:01:04Z,23177,221,20,BR
IZ4qobQAto8,Frankenstein | Guillermo del Toro | Trailer oficial | Netflix,UCc1l5mTmAv2GC_PXrBpqyKQ,Netflix Brasil,Entertainment,2025-10-01T13:00:02Z,426538,9354,471,BR
BBN47NZFMRU,USEI UM CONTROLE PRA JOGAR 99 NOITES NA FLORESTA,UCCeWpi_LTJfi_AbeS2OJ6OQ,TEODORO,Gaming,2025-10-02T10:41:54Z,208053,6117,626,BR
JRZHcUGolAM,Padre Reginaldo Manzotti - Evangelizar √â Preciso,UCLOqStDCKZNvN_8Oqu2emGA,Padre Reginaldo Manzotti,Music,2025-10-02T14:00:06Z,19633,514,21,BR
ZL4jOPorLQM,Pok√©mon Legends: Z-A ‚Äì Nintendo Switch 2 Edition ‚Äî Overview Trailer,UCGIY_O-8vW4rfX98KlMkvRg,Nintendo of America,Gaming,2025-10-02T13:01:10Z,378592,19242,3940,BR
BXTZJX3BHxQ,A Viagem Mais Louca de Trem no Roblox!,UCEOGSdXwcXcNfcuDGbjmgOw,Julia MineGirl,Gaming,2025-10-02T14:00:30Z,95797,5152,451,BR
dFUoRTzCahw,Fora do Normal (Majestade) (Ao Vivo),UCjuChZN98ApesDYh5LcGl3g,Marcos e Matteus - Topic,Music,2025-09-29T10:01:54Z,14433,314,5,BR
HJzSlErp1vw,Maxton Hall Season 2 - Official Trailer | Prime Video,UCQJWtTnAHhEG5w4uN0udnUQ,Prime Video,Entertainment,2025-10-02T13:00:35Z,123124,6797,300,BR
t-UvFAXgmRE,üî• QUEBREI O RECORDE MUNDIAL: 1 TRILH√ÉO POR SEGUNDO NO BRAINROT!,UCR-Y4lWmrCYbr1XavmNMlvQ,Canal Clash War,Gaming,2025-10-01T20:54:17Z,760245,17292,1648,BR
vHJLmw07y4w,Where Have You Been?,UCSQFoA-K5Vpzpgjv4d5DCYw,KO - Topic,Music,2025-09-27T11:29:39Z,223926,8013,22,BR
14sBtFppDpA,ZUMBIS HUMANOS! TRAILER EP. 5 DE THE WALKING DEAD DARYL DIXON!,UCTK443WemZxmW-hqYMe_2gA,A Gente Faz Agora,Entertainment,2025-10-01T21:00:02Z,22930,1619,103,BR
h_WIvH66HIc,MEU F√É ME AJUDOU A FICAR MUITO RICO NO GROW A GARDEN!,UCIXguhHCl8eDTkXpEuiGPUA,Jazzghost,Gaming,2025-10-01T15:00:37Z,1155271,57234,7444,BR
gV_6g56g-QQ,Eric Carmen - Hungry Eyes (Lyrics),UCNqFDjYTexJDET3rPDrmJKg,7clouds,Music,2025-09-29T13:01:24Z,199186,1170,77,BR
sO0LJprpZd4,Dragon Ball: Sparking! Zero - Over 200 Characters Trailer | PS5 Games,UC-2Y8dQb0S6DtpxNgAKoJKA,PlayStation,Gaming,2025-10-02T14:15:07Z,98103,6092,830,BR
UQTbOBJ1CR4,MEU AMIGO ficou PRESO DENTRO do CELULAR,UCbWYmIdZ2hpVMpPhRI9pI5Q,Cadres,Gaming,2025-10-02T12:00:56Z,271689,6349,143,BR
EHqa2In-EtY,Anos Luz,UCYF3HLy2nzDREEE50KbOnKA,Matu√™ - Topic,Music,2025-09-26T15:22:35Z,126594,890,0,BR
4FTqSFaKyjs,O Telefone Preto 2 | Trailer Final,UCwhVCdYsd-A32RECPqJUoPg,Universal Pictures Brasil,Film & Animation,2025-10-01T16:23:49Z,24208,1170,252,BR
nqjZMP5YvRA,Hackeei Meu Amigo pra ROUBAR O BRAINROT mais raro,UCEfGV5hx2VrXl4jOUnG0MRQ,Geleia,Gaming,2025-10-02T13:45:11Z,75619,2473,150,BR
ZzJTLlFC9DY,9¬∫ Dia - Eu sou vitorioso pelo Sangue de Jesus | Ter√ßo de Bizantino com Padre Marcelo Rossi,UCp4scJVG8IeQnPBrQrflaKg,Pe Marcelo Rossi,People & Blogs,2025-10-02T09:30:18Z,9059,3360,540,BR
4fW0jCAasT4,Meus Amigos se FORAM para Sempre!,UC9Qu6o04oTf-b2acahQVk1g,Kass e KR,Gaming,2025-10-02T14:45:00Z,61461,1687,31,BR
roqQTIU4xC8,CONEX√ÉO MAL TERMINADA - MC Paiva (Clipe Oficial) Kotim,UCXR-SD44lM9HtfWGYm77Ztw,Mc Paiva ZS,Music,2025-10-01T21:00:06Z,38660,4377,422,BR
Usb9Tuw4oIQ,Comendo 1.000.000 de Blocos no Minecraft,UC6P6SvP2arhEdJ9Pg8qwP2A,Athos,Gaming,2025-10-02T13:30:24Z,224004,2708,53,BR
V6B7_z-IxJw,G.A - loira de medicina (Clipe Oficial),UCjrBmdKAYQPx4f4UjwxA8oA,G.A,Music,2025-10-02T00:00:06Z,35530,5262,1181,BR
wrM4Dh6AGOQ,MELHORANDDO CONTAS DE YOUTUBERS NO ROUBE UM BRAINROT,UCUouM5ZRqZoFNzUvpDeYNGQ,Lucas Clash ON,Gaming,2025-10-01T22:38:07Z,334579,7685,1949,BR
TF8GB3Jsdro,Novo eu - Thiago Aquino - Repert√≥rio Atualizado - Outubro 2025,UCkcCeIlQk49Qwjuc-__onSQ,Thiago Aquino,Music,2025-10-01T23:17:00Z,14087,956,32,BR
Zys9NaG0rhQ,O DONO DO ROUBE O BRAINROT ENLOUQUECEU com NOVOS BRAINROTS! (Evento de ADMIN),UCMqwki1wq79sf5IBueB9pQQ,PIZ√ÉO,Gaming,2025-10-01T21:40:50Z,307790,3840,414,BR
39lLQHMMESY,Diferent√£o (Ao Vivo),UCjbcIxy2WjVzxZEZ4JBz47w,Dilsinho - Topic,Music,2025-09-30T10:00:05Z,5855,29,0,BR
Ik4Cgquw-D8,Trick or Treat Boxes?!,UCooVYzDxdwTtGYAkcPmOgOw,Brawl Stars,Gaming,2025-10-02T08:20:46Z,1442657,58410,2007,BR
IhxN9yIxEjE,LAUANA PRADO - A GENTE NEM FICOU/CORA√á√ÉO DE PEDRA/DUPLA SOLID√ÉO FEAT. MURILO HUFF (RAIZ BH),UCk0M1_PCFtrIQWxGZsrWriw,Lauana Prado,Education,2025-10-01T14:00:35Z,102306,1961,111,BR
yhSG5mhlsxk,Roubei o DINOSSAURO RARO dos Meus Amigos¬†no¬†Minecraft!,UC40B1IOUytiN6AmnlR3BRaw,Xey,Gaming,2025-10-02T13:05:01Z,53119,833,16,BR
ySSKL-fHTcs,Distancia Ta Maltratado,UCXYpzefSUzSeCh0pXvCuubA,Silvanno Salles - Topic,Music,2025-09-29T23:01:12Z,7223,92,2,BR
nIdxcDOHX3I,DESBLOQUEEI A BASE DE TACOS NO ROUBE UM BRAINROT üåÆüò∞ (DIA DE TACOS COM ADMIN),UC_-WQuYUOasNYkX-L_jHgdg,xMarcelo,People & Blogs,2025-10-01T19:58:38Z,467406,5431,501,BR
jxSl8p9UG_U,Nome Mais Lindo (Ao Vivo),UCloeWGZk2x_UHK2Bjf50n6g,Jos√© Wellington - Topic,Music,2025-09-30T03:03:00Z,10181,231,3,BR
tsg4lTJtMFw,ÿ≥ÿ®ÿßŸäÿØÿ± ŸÖÿßŸÜ ÿßÿµÿπÿ® ÿØÿ±ÿßÿ¨ÿ© ŸÜÿßÿ±Ÿäÿ© ŸÅŸàŸÇ ÿßÿ≥ŸÖÿßŸÉ ÿßŸÑŸÇÿ±ÿ¥ - Superheroes Ride on Motorcycle Stunt Funny Moments??,UC8OENNlrBP8KqUAav1T-hXA,GTA Affect,Gaming,2025-10-02T12:35:24Z,268360,72661,1365,BR
MdFk_BVEjyI,EU ME APAIXONEI - VITINHO IMPERADOR,UCCrz2yNyIsxpPe2rhJR2zjA,BG LOVE FUNK,Music,2025-09-25T20:38:53Z,15264,316,83,BR
AkqDFXqQi8k,It's Time to Settle the Score - The Revenge Room,UCD1Em4q90ZUK2R5HKesszJg,Clash of Clans,Gaming,2025-10-02T09:00:14Z,1155334,23286,1108,BR
fFXmE1L_gLs,Felipe Rodrigues - Era Eu - Ministra√ß√£o ao vivo,UC9rd6EcVDnyaLOeWSBI1vSg,Felipe Rodrigues,Music,2025-10-01T14:30:07Z,54330,4071,114,BR
vkn5EuNV-xE,S√ì RICOS VIVEM no BROOKHAVEN RP..,UCf36H4Zhcv6k5R0C7hKZMxg,WELIX,People & Blogs,2025-10-02T14:32:58Z,37453,1181,86,BR
LGYVYgfVzak,Toni Braxton - Un-Break My Heart (Lyrics),UCCC99LvTsqK2ud3qKmY44TA,Pulse Nomad,Music,2025-09-29T18:00:20Z,445795,1202,5,BR
M-Wp5LD88zI,FIZ A MAIOR BASE SEGURA DOS YOUTUBERS NO 99 NOITES NA FLORESTA,UCVa0qpt9iw4Lg4pyJFLm6PQ,DUDU Betero,Gaming,2025-10-02T14:00:30Z,46886,1104,322,BR
8zli7pF86Ik,JESUS EST√Å L√Å,UChyPZW1KPkiaK4E8HOiuKqg,Samuel Rc - Topic,Music,2025-09-13T22:21:46Z,8362,183,0,BR
I4WUSVrjNHE,MARIO PARTY DE LEGO! - LEGO PARTY COM OS AMIGOS,UCIwspRtKNszHhIhl36gREjQ,alanzoka,Gaming,2025-10-01T15:00:38Z,358219,32629,527,BR
0IgwyMQnk5E,C√©line Dion - The Power Of Love (Lyrics),UC_oHMFsp48tPMuzdxqEiMug,TikTok Unlocked,Music,2025-09-29T14:00:03Z,150999,398,19,BR
TCnegF_lNIg,O DIA QUE ME TORNEI O MAGO SUPREMO,UCM5kWASwktf_VlDAsC2phIA,MendrakePlay,People & Blogs,2025-10-02T14:15:04Z,40743,2416,102,BR
47vrBzJHyxk,Calma Que Tem Jeito (Ao Vivo),UCgdng0uA3fUklL7pE1zyrKg,Mari Fernandez - Topic,Music,2025-09-26T00:03:38Z,44326,693,6,BR
OQ8DeGeX0Rw,1 FIZZ DE HACK vs 5 HIGH ELO!,UCxLtbv4R1TyCG7_r0a43Btg,Mylennzy,People & Blogs,2025-10-02T14:45:02Z,46685,6683,294,BR
oNSvJW6TMUs,Filhos que Adoram - Este √© o Seu Lugar | Clipe Oficial,UC-HrcQt3zg585s10qro3-2w,Filhos que Adoram,Music,2025-09-26T16:01:50Z,4209,228,84,BR
hwUixddbmrQ,Morgan Wallen - I Got Better (Official Music Video),UCiQtJ9wVv8R-x7GKHzgZu8A,MorganWallenVEVO,Music,2025-10-01T17:00:07Z,931062,38037,2417,US
jvb6b-9vq2U,Hazbin Hotel - Season 2 Official Trailer | Prime Video,UCzfyYtgvkx5mLy8nlLlayYg,Vivziepop,Film & Animation,2025-10-01T16:28:38Z,1678123,195550,12571,US
I167S6HZcWI,HYPE AND SCREAMING FOR 47MINS | Ghost of Yotei [1],UCiYcA0gJzg855iSKMrX3oHg,CoryxKenshin,Gaming,2025-10-02T00:55:03Z,1485913,209703,16679,US
iUZyn_w6Y1Q,"Metro Boomin - Take Me Thru Dere ft. Quavo, Breskii, YK Niece, & DJ Spinz (Official Music Video)",UCKC11MOR51CLg4JpYj8jb4g,Metro Boomin,Music,2025-10-01T17:00:07Z,197404,13891,867,US
8aulMPhE12g,Frankenstein | Guillermo del Toro | Official Trailer | Netflix,UCWOA1ZGywLbqmigxE4Qlvuw,Netflix,Entertainment,2025-10-01T13:00:01Z,3261264,86944,3785,US
AkqDFXqQi8k,It's Time to Settle the Score - The Revenge Room,UCD1Em4q90ZUK2R5HKesszJg,Clash of Clans,Gaming,2025-10-02T09:00:14Z,1155334,23286,1108,US
MvDZ7-vOERc,Fuk Em,UCOUlVCyTJqvT9AHeUlbK03w,Kevin Gates - Topic,Music,2025-09-30T10:02:05Z,274473,16671,95,US
ZL4jOPorLQM,Pok√©mon Legends: Z-A ‚Äì Nintendo Switch 2 Edition ‚Äî Overview Trailer,UCGIY_O-8vW4rfX98KlMkvRg,Nintendo of America,Gaming,2025-10-02T13:01:10Z,378592,19242,3940,US
3cJ2nnqIOl0,I Got My OWN BRAINROT..,UCsPMNatXCwqyUuJilBT73jg,CaylusBlox,Gaming,2025-10-02T13:32:21Z,1276110,40311,4327,US
vtETYPwXYFg,"Screwly G - ""Reaper"" (Official Video)",UCORaORpqSNIakHaVBuTXwyw,Screwly G,Music,2025-10-02T01:01:07Z,86896,9817,500,US
C1as_hRbBZg,Landman Season 2 Official Trailer | Paramount+,UCdnOvN4AQc_qM96XwmcbPEA,Landman Official,People & Blogs,2025-10-01T17:00:10Z,1773615,3916,257,US
BwbUK4k0N4M,Is Xbox Dead,UCq6VFHwMzcMXbuKyG7SQYIg,penguinz0,Entertainment,2025-10-01T23:30:03Z,1491602,78766,12700,US
S3edLt0E3Sk,Trippie Redd - Sketchy (Official Music Video),UCstw-41J8syXgdJ8xWvaizA,Trippie Redd,Music,2025-10-02T01:00:42Z,152437,20103,2626,US
HJzSlErp1vw,Maxton Hall Season 2 - Official Trailer | Prime Video,UCQJWtTnAHhEG5w4uN0udnUQ,Prime Video,Entertainment,2025-10-02T13:00:35Z,123124,6797,300,US
9xHSPXcnfDU,It's over for woke games.,UCQeRaTukNYft1_6AZPACnog,Asmongold TV  ,Gaming,2025-10-02T03:35:00Z,619195,31131,5890,US
SE4KayrsaPg,Young Miko - Meiomi (Official),UCXF4IGVcTnm6v9tBPGYNsQg,YoungMikoVEVO,Music,2025-10-02T00:00:06Z,286241,39996,2949,US
D3Se71O96i0,Patriot Malayalam Teaser | Mammootty | Mohanlal | Mahesh Narayanan | Anto Joseph,UCAAufdrkoIXtfHQI9QE1tzA,Anto Joseph Film Company,Entertainment,2025-10-02T06:30:07Z,2258249,112047,6286,US
5ipctlvNePk,KPop Demon Hunters Takes Over Fortnite,UClG8odDC8TS6Zpqk9CGVQiQ,Fortnite,Gaming,2025-10-01T16:00:17Z,945329,38294,2894,US
usQvctB7Mi0,"Meesaala Pilla Promo | Mana Shankara Varaprasad Garu | Chiranjeevi,Nayanthara | Bheems|Anil Ravipudi",UCnJjcn5FrgrOEp5_N45ZLEQ,T-Series Telugu,Music,2025-10-02T12:34:10Z,3255070,56790,1851,US
j8HmLnipbkA,DRAGON BALL: Sparking! ZERO - Over 200 Characters Trailer,UC_ntXHv-XdKCD7CPynVvnQw,Bandai Namco Entertainment America,Gaming,2025-10-02T14:00:51Z,76783,7015,1736,US
iV8lE08wGoE,Daredevil: The Man Without Fear | Character Reveal | Marvel Rivals,UCWzmOSSiSPbVnVu3ZAyDx2w,Marvel Rivals,Gaming,2025-10-01T15:01:23Z,1401909,59070,2958,US
yUFpHTHIiEw,Skrilla - Kurt Angle (Official Video),UCMFP3cGDPvKhdaqhmdXmzQg,Skrilla,Music,2025-10-01T16:00:07Z,127493,11652,600,US
NH72rscmr1w,Grand Theft Auto VI - Final Trailer (2026) Rockstar Games,UCa2MXjBtWn91WPHWRBCLI6Q,Teaser Universe,Film & Animation,2025-09-30T14:30:29Z,110634,1503,697,US
Ik4Cgquw-D8,Trick or Treat Boxes?!,UCooVYzDxdwTtGYAkcPmOgOw,Brawl Stars,Gaming,2025-10-02T08:20:46Z,1442657,58410,2007,US
eOOtQmzPSY8,Oliver Anthony Music - Only God Can Save Us Now,UC5caRbGN5SukgJnj2ecK_wA,Oliver Anthony Music,Music,2025-10-01T21:00:30Z,180111,27901,1852,US
43pdTk_1voA,Call of Duty: Black Ops 7 | Beta Trailer,UC9YydG57epLqxA9cTzZXSeQ,Call of Duty,Gaming,2025-10-01T15:42:00Z,99420,4138,763,US
xKjwlzLfbzg,Do NOT WAKE The Brainrot..,UCRkuUgtDAL4XSU5jB40J_wA,Foltyn,Gaming,2025-10-01T23:20:43Z,844355,20168,2723,US
zdvHgdSA8g8,"Fuerza Regida, Grupo Frontera - COQUETA (Letra)",UCgQA23m8tvTQS6xRp3IqBdQ,warui.,Music,2025-10-01T21:01:09Z,135123,504,8,US
pwq8gwdVxts,Psycho Killer | Official Trailer,UC2-BeLxzUBSs0uSrmzWhJuQ,20th Century Studios,Film & Animation,2025-10-01T16:01:36Z,211981,8078,516,US
wxRFzcWnSxM,KEEP DIGGING,UC-gW4TeZAlKm7UATp24JsWQ,SMii7Yplus,Gaming,2025-10-01T19:13:01Z,1129232,52958,1151,US
s5hcQqypYcQ,Jarahn - Kiri (Prod by Dr Wiz - GL Production)(Audio),UC44awJ49tZNNMliYVPQDdmA,Jarahn,Music,2025-09-27T03:56:55Z,30218,1567,140,US
iC9xlgRBOdI,Pillion | Official Teaser HD | A24,UCuPivVjnfNo4mb3Oog_frZg,A24,Film & Animation,2025-10-01T13:01:35Z,239858,8784,513,US
SX4zwRJ1r4s,ROBLOX HAMOOD HABIBI..??,UCzzF1kdBgwv5RB6rbB6kVSA,Tyler & Snowi,Gaming,2025-10-01T21:52:00Z,809816,38864,367,US
UXW4kLAzxOs,Eros Ramazzotti - Otra Como T√∫ (Letra/Lyrics),UCZCmb5a8LE9LMxW9I3-BFjA,ourmemoriestonight,Music,2025-10-01T12:30:40Z,191872,559,1,US
TSRP0nGuXJM,Sharon & Ozzy Osbourne: Coming Home | Trailer ‚Äì BBC,UCCj956IF62FbT7Gouszaj9w,BBC,Entertainment,2025-10-01T09:45:03Z,266171,1952,106,US
yGnoL2FfzmE,AMERICA'S MOST UNWANTED | Crime Simulator - Part 3,UC7_YxT-KID8kRbqZo7MyscQ,Markiplier,Gaming,2025-10-01T19:58:43Z,536700,36031,592,US
vHJLmw07y4w,Where Have You Been?,UCSQFoA-K5Vpzpgjv4d5DCYw,KO - Topic,Music,2025-09-27T11:29:39Z,223926,8013,22,US
QD8Bbl7fW58,Things you may have missed in the Hazbin Hotel Season 2 Trailer,UCKUAVy2Kd0vAsu1D89y7ujg,Ayy Lmao,Film & Animation,2025-10-01T17:58:58Z,105496,6685,533,US
gd7aCgclpj8,Creepy Fishing...,UC63anZxfVGHUEmfBAf5w7pw,CaseOh,Gaming,2025-10-01T22:01:00Z,323047,11103,706,US
MEb49Q9ZRGo,Lamb of God - Sepsis (Official Music Video),UC0Ri4yolakY_tb7RdcvzQ2g,lambofgodVEVO,Music,2025-10-02T14:00:06Z,57246,8767,1207,US
ZytgIFrUVfw,Ghost of Y≈çtei - Accolades Trailer | PS5 Games,UC-2Y8dQb0S6DtpxNgAKoJKA,PlayStation,Gaming,2025-10-01T19:30:06Z,135395,6034,643,US
WcMp-3MBmz0,The Shrek Movie Games,UCJHM5IJ44__fkOxkD4vxoBw,Burback,People & Blogs,2025-10-01T18:51:04Z,403021,20178,1279,US
QHkxnXFAi7o,Raq baby -  Junior (Official Music Video),UCl_wXuvsyG7tgDhmfTJBrTA,Raq baby,Music,2025-10-01T21:00:35Z,64530,5371,210,US
fw45VPSByd4,My Singing Monsters - Carnival of Chaos starring @bbnomoney (Official Paironormal Carnival Trailer),UCngRsuvI1zxHR9vwNZvpTAw,My Singing Monsters,Gaming,2025-10-01T15:00:06Z,156087,8064,773,US
lxJG6FBo9h8,Microsoft f*cked up real bad..,UCMwJJL5FJFuTRT55ksbQ4GQ,Asmongold Clips,Gaming,2025-10-02T01:42:49Z,1358275,77020,9607,US
uh7AaPMv5yM,"Sua Lo Mala'c (feat. Nineden, Dirtheedogg & Baka Jay)",UCIBL5nZ8NFhZUzM6Z1bQOAw,Gobby YT - Topic,Music,2025-09-20T10:53:59Z,59278,1304,81,US
q0Fa9mu88zE,"Heaven Wants Peace, Hell Wants War: Hazbin Hotel Season 2 Trailer Breakdown",UCPDExPQ09Vc6_Gj_Ga6MwKw,Cartoon Universe,Film & Animation,2025-10-01T19:30:58Z,73968,3703,389,US
uID-UsDuldo,I Added JUMPSCARES to Scare My Crush in Steal a Brainrot,UCY0R0Ck6qK2deVTKkfWJIEA,CashBlox,Entertainment,2025-10-02T11:01:49Z,242460,4159,879,US
0mo5FtGpwdE,El Empresario,UC7nUxsoeZkKUdgIfFUC1gQQ,Efecto Elegante - Topic,Music,2025-09-25T10:00:03Z,142424,1215,4,US
3GSUbJB0oOg,"The Carpenter's Son - Official Trailer | Nicolas Cage, Noah Jupe, FKA twigs | In Theaters Nov 14",UCneoi6WTgRjMh4otvpwzv8w,Magnolia Pictures & Magnet Releasing,Film & Animation,2025-10-01T15:00:02Z,98926,1901,530,US
zdvHgdSA8g8,"Fuerza Regida, Grupo Frontera - COQUETA (Letra)",UCgQA23m8tvTQS6xRp3IqBdQ,warui.,Music,2025-10-01T21:01:09Z,135123,504,8,MX
FONMIlQJBC4,"Trailer Avengers Doomsday OFICIAL! fecha y qu√© va a pasar, Marvel Zombies 2, Secret Wars",UCsMzBY3X_RS6GhGBiHXW19A,Pelicomic,Entertainment,2025-10-02T03:48:51Z,223447,14363,856,MX
xZbAooUlDmM,PODREMOS ROBAR BRAINROTS EN ROBA UN BRAINROT PERO SIN ROBUX!üí≤,UColTsB6zogXWooPbeO67Wgw,ElAbrahaham,Gaming,2025-10-01T17:30:13Z,1391060,33002,4629,MX
SE4KayrsaPg,Young Miko - Meiomi (Official),UCXF4IGVcTnm6v9tBPGYNsQg,YoungMikoVEVO,Music,2025-10-02T00:00:06Z,286241,39996,2949,MX
jvb6b-9vq2U,Hazbin Hotel - Season 2 Official Trailer | Prime Video,UCzfyYtgvkx5mLy8nlLlayYg,Vivziepop,Film & Animation,2025-10-01T16:28:38Z,1678123,195550,12571,MX
dPcrI39d-f4,Consegu√≠ BRAINROTS GIGANTES en un SERVER de ADMIN de Steal a Brainrot,UCbtLdlNCv721DvMBZrF5XSQ,SoyNeto,Gaming,2025-10-01T23:43:03Z,1042156,7132,1060,MX
EWbqwA4FhQM,Fuerza Regida - PERO NO TE ENAMORES (Letra/Lyrics),UCU8FHs_uSV10jFb0RqpiqKQ,Velada,People & Blogs,2025-09-30T20:30:03Z,158604,239,4,MX
jikDUlCXp80,Maxton Hall Segunda Temporada | Tr√°iler Oficial,UCP7i-E6AYr-UChpNcO0EEag,Prime Video Latinoam√©rica,Film & Animation,2025-10-02T13:01:26Z,9790,776,35,MX
dYw2AolN9xc,¬°Among Us PERO es BOB ESPONJA! üî™üßΩü¶Ä‚ò†Ô∏è SILVIOGAMER en AMONG US PERO ‚≠ê,UCCrA8ZN1J3S52wuF4vthZFQ,Silvio Gamer,Gaming,2025-10-01T21:57:15Z,568963,19970,2154,MX
UXW4kLAzxOs,Eros Ramazzotti - Otra Como T√∫ (Letra/Lyrics),UCZCmb5a8LE9LMxW9I3-BFjA,ourmemoriestonight,Music,2025-10-01T12:30:40Z,191872,559,1,MX
K71UeZ9lHh4,Frankenstein | Guillermo del Toro | Tr√°iler oficial | Netflix,UC5ZiUaIJ2b5dYBYGf5iEUrA,Netflix Latinoam√©rica,Entertainment,2025-10-01T13:00:03Z,61728,2691,127,MX
Ik4Cgquw-D8,Trick or Treat Boxes?!,UCooVYzDxdwTtGYAkcPmOgOw,Brawl Stars,Gaming,2025-10-02T08:20:46Z,1442657,58410,2007,MX
gOIS8OP7txQ,Danny Ocean - Me Reh√∫so (Letra),UCrEPUe5T96gQ1RQ1WRMrVFg,The Best Flow,Music,2025-09-29T18:15:06Z,25569,49,2,MX
HJzSlErp1vw,Maxton Hall Season 2 - Official Trailer | Prime Video,UCQJWtTnAHhEG5w4uN0udnUQ,Prime Video,Entertainment,2025-10-02T13:00:35Z,123124,6797,300,MX
7uCXtH_D9h0,Me Convert√≠ en BEB√â TRANSFORMER para Trollear a Mis Amigos en Minecraft!,UCEs5MQjXJq27-X2vgdwtYDw,Dagar,Gaming,2025-10-01T18:50:52Z,608036,7799,293,MX
zi-_wo6D3zM,"Reik, Maluma - Amigos Con Derechos (Letra)",UCcXifH1pPqzadvzmTBI4Zsg,Latin Love,Music,2025-10-01T17:30:22Z,43797,86,0,MX
DZ7LcYPykug,TRAILER FINAL DE HAZBIN HOTEL TEMPORADA 2 // ANALISIS Y PRIMERAS IMPRESIONES #hazbinhotel,UChMsLCAyu7cqgWjO6FQBnXQ,Zona Tiza,Film & Animation,2025-10-02T01:12:24Z,42638,4016,335,MX
NTNUjnzl7xU,Us√© HACKS INCRE√çBLES en 99 Noches en el Bosque en Roblox!,UCmkyN2GfMyR7gsIiKBCR3nw,Dagar Roblox,Gaming,2025-10-01T16:46:28Z,546619,8572,318,MX
ReLUm-dFNGg,"üíñCUMBIAS VIEJITAS CL√ÅSICAS INOLVIDABLESüíÉRIGO TOVAR, XAVIER PASSOS,TOMMY RAMIREZ‚ú®LA MEJOR SELECCI√ìNüíñ",UCrlciet-In2c-SxG7NL-XEw,RIGO TOVAR MIX,Music,2025-10-02T12:00:54Z,9027,81,2,MX
ZL4jOPorLQM,Pok√©mon Legends: Z-A ‚Äì Nintendo Switch 2 Edition ‚Äî Overview Trailer,UCGIY_O-8vW4rfX98KlMkvRg,Nintendo of America,Gaming,2025-10-02T13:01:10Z,378592,19242,3940,MX
AkqDFXqQi8k,It's Time to Settle the Score - The Revenge Room,UCD1Em4q90ZUK2R5HKesszJg,Clash of Clans,Gaming,2025-10-02T09:00:14Z,1155334,23286,1108,MX
Yi9D2nlkV0o,Perdoname,UCacSlCXM3A96bPYPmx4lssQ,Joaquin el Guache - Topic,Music,2025-09-28T19:47:13Z,12381,270,0,MX
EUgTDWgp1Q8,Official Trailer | Zomvivor Series : ‡∏°‡∏´‡∏≤‡∏•‡∏±‡∏¢‡∏Ñ‡∏•‡∏±‡πà‡∏á,UC_HtEPrXQYKJ9Pihwg0u1Rw,Mandee Channel,Entertainment,2025-10-02T04:29:59Z,182606,18301,1068,MX
PZJVVR_muiI,NUNCA Volveremos a Este LAGO MALDITO en Minecraft‚Ä¶,UC62nFXtc3KNujp9LCPJt-sA,Awita,Gaming,2025-10-02T00:25:01Z,323184,6739,969,MX
v9A7wafy70E,Fuerza Regida X Bellakath - FRESITA (Letra/Lyrics),UCAg5-sf8xDwvu9DBAzLQtBg,RegueZone,Music,2025-10-01T18:01:06Z,22475,83,2,MX
sO0LJprpZd4,Dragon Ball: Sparking! Zero - Over 200 Characters Trailer | PS5 Games,UC-2Y8dQb0S6DtpxNgAKoJKA,PlayStation,Gaming,2025-10-02T14:15:07Z,98103,6092,830,MX
2EP4qrZptWg,EL NUEVO SONIC RACING ES UNA LOCURA,UCcjIvuxmWlS5IEQ0JdPV4Ng,Rubius Z,Gaming,2025-10-01T19:04:11Z,925879,58038,1024,MX
hutncOuO1zU,Lo Mejor Del √Ålbum Completo De Ha Ash 2025 ~ Mejores Artistas Para Escuchar 2025,UC3IK0wvJDHknRnAoZ4JkT1Q,LATINO ROMANTICO MIX,People & Blogs,2025-10-01T11:01:16Z,25435,282,2,MX
T84cC4AA8U4,Tel√©fono Negro 2 - Tr√°iler Oficial 3 (Universal Pictures) HD,UCuON8B3q1FMIOSE-0sbC_rQ,Universal Pictures M√©xico,Film & Animation,2025-10-01T17:54:58Z,19469,442,36,MX
NNT_oWfigXw,ROB√â la CUENTA de una ESTAFADORA y TERMINA LLORANDO en 99 NOCHES en el BOSQUE ROBLOX,UCFP33-zlNfJVzWUUbdhSjTQ,SoyPato,Gaming,2025-10-01T19:37:00Z,448163,5931,1240,MX
Y-q8pThpExE,Loreen - Tattoo (Lyrics),UCHfNeh3zh-1dTXHNwp2QQdw,7clouds Drum & Bass,Music,2025-09-29T13:59:16Z,104067,443,7,MX
11j2wQFm-tc,FRANKENSTEIN Tr√°iler Espa√±ol Latino (2025) Guillermo del Toro,UCcVNDl7ZJMf9lC9a34CY4RA,ONE Media Espa√±ol,Film & Animation,2025-10-01T13:07:53Z,44507,1726,114,MX
tsg4lTJtMFw,ÿ≥ÿ®ÿßŸäÿØÿ± ŸÖÿßŸÜ ÿßÿµÿπÿ® ÿØÿ±ÿßÿ¨ÿ© ŸÜÿßÿ±Ÿäÿ© ŸÅŸàŸÇ ÿßÿ≥ŸÖÿßŸÉ ÿßŸÑŸÇÿ±ÿ¥ - Superheroes Ride on Motorcycle Stunt Funny Moments??,UC8OENNlrBP8KqUAav1T-hXA,GTA Affect,Gaming,2025-10-02T12:35:24Z,268360,72661,1365,MX
qf40psIOgKc,Yandel - Nunca Me Olvides (Letra),UCLlKsMNJqvQD3cIqYQ-1wkQ,Cactus Regional,People & Blogs,2025-09-29T13:30:51Z,90128,180,0,MX
fThsrQheT0s,ROB√â LOS NUEVOS BRAINROTS OG DEL ADMIN‚Ä¶üò® STEAL A BRAINROT,UCTOtCf_eWYDOoljZSVYCL2A,Donato Roblox,Gaming,2025-10-01T21:45:07Z,335177,7256,284,MX
LIyGjSD53Mw,Romeo Santos - Yo Tambi√©n ft. Marc Anthony [Letra],UCRVcscRzewVOBqfehGBfAuQ,Rebel Rock,Music,2025-09-30T17:03:30Z,14126,22,0,MX
HEQal_Lk6lM,Crearon Un Animatronico Real y Se Escapo / Nosey El Animatronico De Citra,UC0C8Zen__w6b16cN2KecZig,Omenasito,Gaming,2025-10-01T20:54:59Z,262475,12297,2532,MX
NrHowyXHLRw,Katy Perry - The One That Got Away (Lyrics),UC-AVSNvCVhzi0_dwjh-9OIQ,Aquarius Music,Music,2025-09-30T16:00:42Z,85391,217,2,MX
6rXITBSB5g8,MI NOVIA y YO FUIMOS a LA PLAYA,UChMxYvPleimA4ec6Uh3cKnQ,Zerflox :),Gaming,2025-10-01T21:30:58Z,165092,2370,246,MX
qnSbP9pgJZg,"Luis R Conriquez, Fuerza Regida ft. Neton Vega - Chula Vente (Letra)",UC4YW7VEoK1X9wp8uwnD31GA,Naci√≥n Mexa,People & Blogs,2025-09-30T19:00:50Z,68820,108,2,MX
MOoQ17En3dQ,Encontr√© La Oscura Verdad de 67 en Roba un Brainrot...,UC0ZF62HHV_5jGZEqEDcpPgw,DonPanchis,Gaming,2025-10-02T00:19:48Z,302888,3221,400,MX
IcRdK1Bgf0o,‚óèRom√°nticas Para Mi Amor üíù Grupo Mandingo y Grupo Ladron Mix Para Adoloridos,UCqCnnt0KaHpiLwwbBGaqO_w,Radio 1999,Music,2025-10-02T12:00:41Z,6504,32,1,MX
qdfjHK993sw,EL OSCURO SECRETO OCULTO DE STEAL A BRAINROT COMPLETO (ROBLOX),UCrppUjIbcQjh2Drz8UyuRVg,Chuy Mine,Gaming,2025-10-01T21:15:02Z,280619,2878,190,MX
7-uArYgu9IY,Siempre al 100,UC2sznly-uPhjMbLhZA0VbNw,Los Hnos Rodriguez - Topic,Music,2025-09-30T10:01:58Z,18616,548,6,MX
o6KKlz34GnE,ME ENFRENTO AL REAL MADRID PRIME EN EL MEJOR CLASICO DE LA HISTORIA... EPISODIO 3,UC0nvWiBrtyoZ0iBmYGRjJ6g,Davoo Xeneize Plus,People & Blogs,2025-10-01T14:59:49Z,662993,37171,1748,MX
CVnBBFK-o38,"Pedro Cap√≥, Farruko - Calma (Remix) (Lyrics)",UCRmPovMeLZDTig34yDBZy4A,Chivateando x world,People & Blogs,2025-09-30T13:00:06Z,165661,402,8,MX
EOvIDJlCdd4,VIGILANTE 8 1+2: La Historia En Un Video,UCSM3FVwdCIJfU0OdjKZb94A,El Fedelobo,Gaming,2025-10-02T00:20:01Z,121932,11369,700,MX
WJlMO_r4orM,Shakira - Inevitable (Letra / Lyrics),UCl8zIsdXIVvYOZDMCgwZVFw,beats and beats,People & Blogs,2025-09-30T18:00:06Z,208823,612,7,MX
erm235Aiwms,üë∂üî• NOS CONVERTIMOS en BEB√âS ELEMENTALES en ROBLOX | SAJA BOYS üåä‚ö°‚ùÑÔ∏è,UC-ajZpkC6h0MSXe8deEesLg,MISTERIO BLOX,Entertainment,2025-10-01T17:00:52Z,175886,1715,29,MX
Lz3ULJvLCkM,"Millonario, Lalote - Las Cuentas (Letra Oficial)",UCtmf9-DaGIrtS4W1N_txwtA,Millonario Oficial,Music,2025-10-02T00:00:06Z,37278,2706,225,MX
_p7f-jZ-qyA,D.A.M.A - Ficar √ìai feat. Z√© Amaro,UCjSqdWuCt8NWl9QPchl2d8g,D.A.M.A,Music,2025-09-23T23:00:08Z,538461,9514,402,PT
s3pDMUWlA6I,Marvel‚Äôs Wolverine - Gameplay Trailer | PS5 Games,UC-2Y8dQb0S6DtpxNgAKoJKA,PlayStation,Gaming,2025-09-24T21:36:18Z,7326557,484455,17170,PT
y4kaO4JVWnY,A Pirataria Est√° a Voltar...,UC6eo8jj1kws9Dhde_rTmKoA,Clips do Wuant,Entertainment,2025-09-27T17:43:21Z,103156,6991,453,PT
1-T7xNtOEC4,VIZINHOS - Casar √â Pra Esquecer (V√≠deo Oficial),UCUim4dxV57iVdgGFyz1SpDA,Vizinhos,Music,2025-09-26T08:00:06Z,160072,3844,75,PT
HJzSlErp1vw,Maxton Hall Season 2 - Official Trailer | Prime Video,UCQJWtTnAHhEG5w4uN0udnUQ,Prime Video,Entertainment,2025-10-02T13:00:35Z,123124,6797,300,PT
wYxmzdnHN-A,EA FC 26 UT - NESTA PASSEI A FERRO NO RIVALS,UC7I9vRncx1-vox41l1A0ACQ,RicFazeres,Gaming,2025-09-29T11:01:44Z,37845,3067,54,PT
4w5pMlz8qK0,Luan Santana - OLHO MARROM (Ao Vivo em Lisboa),UC6rwiIxv0w2fbmmr66wl1rA,Luan Santana,Music,2025-09-26T00:00:13Z,6462306,25323,1556,PT
jvb6b-9vq2U,Hazbin Hotel - Season 2 Official Trailer | Prime Video,UCzfyYtgvkx5mLy8nlLlayYg,Vivziepop,Film & Animation,2025-10-01T16:28:38Z,1678123,195550,12571,PT
-K7n0xrwkcs,TESTEI DECK DOS INSCRITOS...,UC0bC92gFO25qcJcECTQNN_A,Flakes Power,Gaming,2025-09-29T15:10:16Z,363987,19412,654,PT
fu-M0XEzTs4,"ORUAM, BORGES, MENO TODY, NGC DADDY, PEDRIN, JS DA TORRE - THE BOX MEDLEY 10",UCm4aitnUJK8t6CT5mesAcdw,THE BOX,Music,2025-09-26T00:00:07Z,3251685,158483,8746,PT
8aulMPhE12g,Frankenstein | Guillermo del Toro | Official Trailer | Netflix,UCWOA1ZGywLbqmigxE4Qlvuw,Netflix,Entertainment,2025-10-01T13:00:01Z,3261264,86944,3785,PT
ExPZJRmKfoo,MoveMind reage √† NOVA CASA do Tiagovski,UCy3viv6ORnwhvqAZNgro87w,Clips do MoveMind,Entertainment,2025-10-01T16:15:33Z,16130,791,7,PT
V2M1Xx50arE,VEIGH - Talvez Voc√™ Precise de Mim (Clipe Oficial),UC8Kf4sbOVvlgXAaBm8IaYKg,VEIGH,Music,2025-09-28T23:00:05Z,1043797,97584,3419,PT
Ma1x7ikpid8,Avatar: Fire and Ash | New Trailer,UCgjxQJ6TlKqhHax8742ZMdA,Avatar,Entertainment,2025-09-25T13:00:02Z,9742525,182377,12062,PT
sYpANlPxx10,TODOS OS 9 FINAIS DE SCHOOLBOY ESCAPE 2: VILLAGE!,UCIXguhHCl8eDTkXpEuiGPUA,Jazzghost,Gaming,2025-09-30T16:27:08Z,1616726,57628,2908,PT
vCSmUVWReQU,Puto Fox feat Apollo G - Bo so  (Prod.RIXASBEATZ),UC5Hu-swvASBmkq_YJnpaPhw,Puto Fox,Music,2025-09-26T17:00:06Z,118141,4510,485,PT
R2Xubj7lazE,Wicked: For Good | Final Trailer,UCq0OueAsdxH6b8nyAspwViw,Universal Pictures,Entertainment,2025-09-24T12:15:30Z,2585940,76290,3006,PT
g1ujwfU55ks,LIBEREI A BASE YIN YANG NO ROUBE UM BRAINROT,UCUouM5ZRqZoFNzUvpDeYNGQ,Lucas Clash ON,Gaming,2025-09-30T21:00:24Z,907075,12105,1252,PT
q9pgXlY9TdY,BROU A.S -Lealdade,UCvZlunlInvKFA0s5_hwsKzw,Brou As,Music,2025-09-26T16:01:42Z,70039,1714,169,PT
ZL4jOPorLQM,Pok√©mon Legends: Z-A ‚Äì Nintendo Switch 2 Edition ‚Äî Overview Trailer,UCGIY_O-8vW4rfX98KlMkvRg,Nintendo of America,Gaming,2025-10-02T13:01:10Z,378592,19242,3940,PT
t-UvFAXgmRE,üî• QUEBREI O RECORDE MUNDIAL: 1 TRILH√ÉO POR SEGUNDO NO BRAINROT!,UCR-Y4lWmrCYbr1XavmNMlvQ,Canal Clash War,Gaming,2025-10-01T20:54:17Z,760245,17292,1648,PT
gTmCffFCRXc,"Rvssian, Rauw Alejandro, Ayra Starr - Santa (Official Lyric Video)",UC_Av98lDjf5KvFib5elhpYg,Rauw Alejandro,Music,2025-09-26T04:00:53Z,826829,6424,107,PT
_pa1KLXuW0Y,"The Mandalorian and Grogu | Official Trailer | In Theaters May 22, 2026",UCZGYJFUizSax-yElQaFDp5Q,Star Wars,Entertainment,2025-09-22T13:00:14Z,9142436,136703,10595,PT
InioDTHWz4Y,DE VOLTA na CIDADE da ARMA DOURADA! üò± GTA RP (Paulinho o LOKO),UCdlJx-w37viXFNq__qZ7ARQ,PAULINHO O LOKO,Gaming,2025-10-01T00:42:27Z,861469,68506,1047,PT
SW5KYlPFdsU,Be√©le - top diesel (Letra),UCkeWrvpH3MyplVSzgTGc-mg,Big Dance,Music,2025-09-29T16:15:06Z,1505700,1078,9,PT
A8-Uw_sypMs,Teemo Gameplay Reveal Trailer | 2XKO,UCYRkq7GwQm0ezrhFJOZPO9Q,2XKO,Gaming,2025-09-29T15:00:18Z,534041,34375,3818,PT
Ik4Cgquw-D8,Trick or Treat Boxes?!,UCooVYzDxdwTtGYAkcPmOgOw,Brawl Stars,Gaming,2025-10-02T08:20:46Z,1442657,58410,2007,PT
hEL4zRp6aSo,Pcc- Sem Para Na Strada ,UCSF08jbmhkIfqHU16HoSJ_A,Pcc Officiel,People & Blogs,2025-09-27T17:19:10Z,61263,3040,198,PT
lwlw0ChiSR0,Forza Horizon 6 - Official Teaser Trailer | Tokyo Game Show 2025,UCydtMNspoPAlqBjFSGnigSw,Forza,Gaming,2025-09-25T10:48:53Z,1950796,116891,8986,PT
mXPqn0Vdjf4,Evolui na Cadeia Alimentar dos Brainrots!,UCrcBZDofBltcgGxphNia2tw,ProbIems,Gaming,2025-09-29T13:01:42Z,990794,16137,553,PT
H6OPN-KL9TA,"MC Tranka Fulha - Abensoado  (Official Video) Ep  ""Abensoado"" faixa 01",UCRG6IC6-V8ecxPsIAzMAmVw,Mc Tranka Fulha Official,Music,2025-09-27T10:00:07Z,72806,2232,312,PT
aywbc-DIKUk,The Mandalorian Isn't Going To Save Star Wars,UCSJPFQdZwrOutnmSFYtbstA,The Critical Drinker,Entertainment,2025-09-29T17:00:07Z,551581,39909,4205,PT
z_OtlqLrzUA,S√ì PARO DE JOGAR QUANDO VENCER!,UCV306eHqgo0LvBf3Mh36AHg,Felipe Neto,Entertainment,2025-09-24T13:02:04Z,616967,62122,1604,PT
__u0Ybx8MAA,Phoenix Rdc - Aplausos,UCqyPFRUdo54aeASdY3Gr4QQ,PhoenixRDC,Music,2025-09-19T11:00:07Z,278232,8710,489,PT
ytYAok7D8BE,NOVO TRAILER de WOLVERINE E OD de HIDEO KOJIMA IMPRESSIONANTE - #FGN #196,UCUZfhX79dQrJvAgYefiXCCA,Flow Games,Entertainment,2025-09-27T01:11:20Z,102401,6626,53,PT
sOLucU9rApY,Jogador emprestado volta MONSTRUOSO,UClJ3ZVn2upHmGdUfq1cakVg,Bit Fut,Gaming,2025-10-01T13:47:06Z,113406,14757,194,PT
syURhl-_IS8,"Karetus, CONAN OSIRIS, Isabel Silvestre com Vozes de Manhouce & Julio Pereira - Moleirinha",UCkR3S44598_4HeychJgt7Ng,Karetus,Entertainment,2025-09-17T18:00:06Z,203421,7779,393,PT
lgDGMQmVJZA,TODAS AS CONQUISTAS DO 99 NOITES NA FLORESTA ‚úÖüèÜ,UCCeWpi_LTJfi_AbeS2OJ6OQ,TEODORO,Gaming,2025-09-29T23:26:20Z,655491,10796,6354,PT
w6uvYEoC-LU,‚ô™ Bastard X Ubers (Blue Lock) | Liga Neo Ego√≠sta PT 3 | AniRap,UCXBPFEVfOPPBop4-ICdA0iA,AniRap,Music,2025-09-28T19:00:07Z,826717,63659,4792,PT
npNmyb-qqGw,"Survive 1000 Days, Win $100,000",UCIPPMRA040LQr5QPyJEbmXA,MrBeast Gaming,Gaming,2025-09-20T16:00:05Z,36300091,860462,23251,PT
9e_NngO4m1o,Gerilson Insrael -  Vamos S√≥ Voltar (Video Official),UCDtmhZerloDwwfZ10T3GQwg,Gerilson Insrael,Music,2025-09-26T12:27:26Z,372066,19889,1559,PT
3laI0JrkwVg,VIREI ADMIN NO ROUBE O BRAINROT e PEGUEI OS MELHORES BRAINROTS DA ATUALIZA√á√ÉO!,UCMqwki1wq79sf5IBueB9pQQ,PIZ√ÉO,Gaming,2025-09-30T21:03:24Z,839720,11394,885,PT
fv_xNTrlJZs,Don Omar - Danza Kuduro (Letra) ft. Lucenzo,UCFUf4c4_fgXfoNnvbEpcaeg,Keller Lyrics,Music,2025-09-27T19:00:06Z,1607262,2740,16,PT
msl8_HZaAoA,O DEV INVADIU NOSSO JOGO E FOI INCR√çVEL! - CLIMB THE BACKROOMS COM OS AMIGOS,UCIwspRtKNszHhIhl36gREjQ,alanzoka,Gaming,2025-09-27T15:00:01Z,986985,84469,2108,PT
Ip_w0PuM2sc,Bandidos do Cante - Tanto Tempo ,UChTaQ-W9YUOOZkCXtAM8TQQ,Bandidos do Cante,Music,2025-09-19T12:00:06Z,120800,1290,61,PT
RIPly6HvyOM,CADRES EVOLUIU de GORDO at√© MUSCULOSO no Minecraft!,UCbWYmIdZ2hpVMpPhRI9pI5Q,Cadres,Gaming,2025-10-01T12:00:50Z,910519,9717,123,PT
DS1djiXXyU4,Nilo - Mo√ßambicana üá≤üáø (Prod. DJ Yuri Pedrada),UCwcqrU808gSPH1ys70rg6mQ,NILO,Music,2025-10-01T15:00:26Z,150860,13698,1559,PT
S5_o9XW3a2E,DESMASCARANDO O MAIOR FARSANTE DA COMUNIDADE de CS 2 (a verdade sobre a ‚ÄúBIAZINHA‚Äù xiter #1 MUNDIAL),UCAdLmIU5SVKNby7atyY2b7g,Cachorro1337,Gaming,2025-09-30T18:00:33Z,118258,10401,854,PT
vTb1f3iOHl0,Tony Fika -  Ncre Casa (Official Video),UCj5CsNSu45TYeWv8CIJBUTw,Tony Fika,Music,2025-09-12T11:00:06Z,542792,5470,405,PT
Yy7Macpfdik,EXPLOREI TODOS OS AN√âIS DO END (farlands),UCpvxkPvHU40uIwdRHxJXyCg,Pedrux,Gaming,2025-10-01T14:15:05Z,245764,7692,274,PT
